{
  "IcoMoonType": "selection",
  "icons": [
    {
      "icon": {
        "paths": [
          "M452 32.8c-216.6 27.6-384 189.2-419.4 404.2-2.8 17.4-3.6 33.2-3.6 75 0 59.2 2.6 80.4 16 128.6 35.4 129.6 128.4 241.6 249.8 301.4 46.6 22.8 92.2 37.2 143.2 45.4 32.2 5 109.4 5 142-0.2 211.4-33 373.4-196.4 405.2-408.2 5-33.2 5-103 0.2-135-20.4-132.4-87.4-244-194-322.4-59.4-43.6-129.6-73-205.4-85.8-32.2-5.4-102.8-7-134-3zM572.2 74c186.8 27.4 335 169.8 370.6 356.4 8.2 42.6 9.2 108.6 2.2 149.6-15.6 93-58.4 176.8-123.2 241.8l-16.8 17-0.6-179.4-0.4-179.4 14-22.8c7.6-12.6 14-23.4 14-24s-3.2-1.2-7.2-1.6l-7.2-0.6-44.2-114.4c-24.4-63-44.8-114.6-45.4-114.6s-20.8 51.8-45 115l-44 115h-7.4c-4.2 0-7.6 0.6-7.6 1.2s6.4 10.8 14 22.8l14 21.8v66.2h-72v-173.4l15-23.2c8.2-13 15-23.8 15-24.4s-3.4-1-7.8-1h-7.6l-43.8-112.8c-24.2-62-44.6-113-45.6-113.4s-21.6 50.2-45.8 112.6l-44 113.6h-7.8c-4.2 0-7.6 0.6-7.6 1.2s6.4 11.4 14 23.8l14 22.6v244.4h-72v-35.2l14-22c7.6-12 14-22.4 14-23.2s-3.8-1.6-8.4-2l-8.2-0.6-41.6-109c-45.4-118.6-45.6-119-47-117.6-0.4 0.6-20.6 51.8-44.6 113.8l-43.8 112.8-8.2 0.6c-4.6 0.4-8.2 1-8.2 1.4s6.2 10.8 14 23.2l14 22.8v249.8l-8.2-7.8c-4.6-4.4-15.4-16.4-24-26.8-105-125-132-297.8-70.4-449.2 60.2-148.4 196-252.2 356.6-272.8 26.4-3.4 87.2-2.4 116.2 1.8zM548 425v35h-36v-70h36v35zM768 601v35h-36v-70h36v35zM274 645v35h-36v-70h36v35zM376 704v36h-36v-72h36v36zM718 765v35h-36v-70h36v35z"
        ],
        "attrs": [
          {}
        ],
        "isMulticolor": false,
        "isMulticolor2": false,
        "grid": 0,
        "tags": [
          "castle_512x512"
        ]
      },
      "attrs": [
        {}
      ],
      "properties": {
        "order": 4,
        "id": 0,
        "name": "castle",
        "prevSize": 32,
        "code": 59648
      },
      "setIdx": 0,
      "setId": 0,
      "iconIdx": 0
    }
  ],
  "height": 1024,
  "metadata": {
    "name": "icomoon"
  },
  "preferences": {
    "showGlyphs": true,
    "showCodes": true,
    "showQuickUse": true,
    "showQuickUse2": true,
    "showSVGs": true,
    "fontPref": {
      "prefix": "icon-",
      "metadata": {
        "fontFamily": "icomoon"
      },
      "metrics": {
        "emSize": 1024,
        "baseline": 6.25,
        "whitespace": 50
      },
      "embed": false
    },
    "imagePref": {
      "prefix": "icon-",
      "png": true,
      "useClassSelector": true,
      "color": 0,
      "bgColor": 16777215,
      "classSelector": ".icon",
      "autoHost": true
    },
    "historySize": 50,
    "quickUsageToken": {
      "KiCons": "Y2M5YzI2YTg0OTQxNmE1ODllM2MzMTAwNjZmYTIyODgjMSMxNTA5MzY3ODE0IyMj"
    }
  }
}